Microsoft Windows [Version 10.0.19045.2486]
(c) Microsoft Corporation. All rights reserved.

C:\Windows\system32>mysql -u root -p
Enter password: ************
Welcome to the MySQL monitor.  Commands end with ; or \g.
Your MySQL connection id is 8
Server version: 8.0.31 MySQL Community Server - GPL

Copyright (c) 2000, 2022, Oracle and/or its affiliates.

Oracle is a registered trademark of Oracle Corporation and/or its
affiliates. Other names may be trademarks of their respective
owners.

Type 'help;' or '\h' for help. Type '\c' to clear the current input statement.

mysql> create database Job_portal1;
Query OK, 1 row affected (0.46 sec)

mysql> use Job_portal1;
Database changed
mysql> create table jobs(id int primary key auto_increment,title varchar(50),description varchar(3000),category varchar(45),status varchar(45),location varchar(45),pdate timestamp null default now());
Query OK, 0 rows affected (0.99 sec)

mysql> select * from jobs;
+----+----------------+----------------+----------+--------+----------+---------------------+
| id | title          | description    | category | status | location | pdate               |
+----+----------------+----------------+----------+--------+----------+---------------------+
|  1 | java Developer | Java Developer | IT       | Active | Pune     | 2023-01-19 09:59:41 |
+----+----------------+----------------+----------+--------+----------+---------------------+
1 row in set (0.05 sec)

mysql> select * from jobs;
+----+---------------------+----------------+----------+--------+----------+---------------------+
| id | title               | description    | category | status | location | pdate               |
+----+---------------------+----------------+----------+--------+----------+---------------------+
|  1 | java Full Developer | Java Developer | IT       | Active | Pune     | 2023-01-19 09:59:41 |
+----+---------------------+----------------+----------+--------+----------+---------------------+
1 row in set (0.00 sec)

mysql> select * from jobs;
+----+---------------------+----------------+----------+----------+----------+---------------------+
| id | title               | description    | category | status   | location | pdate               |
+----+---------------------+----------------+----------+----------+----------+---------------------+
|  1 | java Full Developer | Java Developer | IT       | Active   | Pune     | 2023-01-19 09:59:41 |
|  2 | web  devloper       | web  devloper  | Banking  | Inactive | Gujrat   | 2023-01-19 10:00:59 |
+----+---------------------+----------------+----------+----------+----------+---------------------+
2 rows in set (0.00 sec)

mysql> select * from jobs;
+----+---------------------+----------------+----------+--------+----------+---------------------+
| id | title               | description    | category | status | location | pdate               |
+----+---------------------+----------------+----------+--------+----------+---------------------+
|  1 | java Full Developer | Java Developer | IT       | Active | Pune     | 2023-01-19 09:59:41 |
+----+---------------------+----------------+----------+--------+----------+---------------------+
1 row in set (0.00 sec)

mysql> create table user(id int primary key auto_increment,name varchar(2000),qualification varchar(2000),email varchar(20000),password varchar(20000),role varchar(200000));
Query OK, 0 rows affected (0.53 sec)

mysql> select * from user;
Empty set (0.01 sec)

mysql>








19-1-2023


Microsoft Windows [Version 10.0.19045.2486]
(c) Microsoft Corporation. All rights reserved.

C:\Windows\system32>mysql -u root -p
Enter password: ************
Welcome to the MySQL monitor.  Commands end with ; or \g.
Your MySQL connection id is 19
Server version: 8.0.31 MySQL Community Server - GPL

Copyright (c) 2000, 2022, Oracle and/or its affiliates.

Oracle is a registered trademark of Oracle Corporation and/or its
affiliates. Other names may be trademarks of their respective
owners.

Type 'help;' or '\h' for help. Type '\c' to clear the current input statement.

mysql> use Job_portal1;
Database changed
mysql> select * from user;
Empty set (0.33 sec)

mysql> desc user;
+---------------+-------------+------+-----+---------+----------------+
| Field         | Type        | Null | Key | Default | Extra          |
+---------------+-------------+------+-----+---------+----------------+
| id            | int         | NO   | PRI | NULL    | auto_increment |
| name          | varchar(20) | YES  |     | NULL    |                |
| qualification | varchar(20) | YES  |     | NULL    |                |
| email         | varchar(20) | YES  |     | NULL    |                |
| password      | varchar(20) | YES  |     | NULL    |                |
| role          | varchar(20) | YES  |     | NULL    |                |
+---------------+-------------+------+-----+---------+----------------+
6 rows in set (1.02 sec)

mysql> select * from user;
Empty set (0.00 sec)

mysql> select * from jobs;
+----+---------------------+-------------------+-----------+----------+----------+---------------------+
| id | title               | description       | category  | status   | location | pdate               |
+----+---------------------+-------------------+-----------+----------+----------+---------------------+
|  1 | java Full Developer | Java Developer    | IT        | Active   | Pune     | 2023-01-19 09:59:41 |
|  3 | python full stack   | python full stack | Developer | Inactive | Mumbai   | 2023-01-19 19:46:19 |
+----+---------------------+-------------------+-----------+----------+----------+---------------------+
2 rows in set (0.02 sec)

mysql> select * from jobs;
+----+---------------------+-------------------+-----------+--------+----------+---------------------+
| id | title               | description       | category  | status | location | pdate               |
+----+---------------------+-------------------+-----------+--------+----------+---------------------+
|  1 | java Full Developer | Java Developer    | IT        | Active | Pune     | 2023-01-19 09:59:41 |
|  3 | python full stack   | python full stack | Developer | Active | Mumbai   | 2023-01-19 19:46:19 |
+----+---------------------+-------------------+-----------+--------+----------+---------------------+
2 rows in set (0.00 sec)

mysql> select * from jobs;
+----+---------------------+-------------------+-----------+--------+-----------+---------------------+
| id | title               | description       | category  | status | location  | pdate               |
+----+---------------------+-------------------+-----------+--------+-----------+---------------------+
|  1 | java Full Developer | Java Developer    | IT        | Active | Pune      | 2023-01-19 09:59:41 |
|  3 | python full stack   | python full stack | Developer | Active | Mumbai    | 2023-01-19 19:46:19 |
|  4 | vj                  | fbn               | Developer | Active | Jharkhand | 2023-01-19 19:47:14 |
+----+---------------------+-------------------+-----------+--------+-----------+---------------------+
3 rows in set (0.02 sec)

mysql> select * from jobs;
+----+---------------------+-------------------+-----------+--------+----------+---------------------+
| id | title               | description       | category  | status | location | pdate               |
+----+---------------------+-------------------+-----------+--------+----------+---------------------+
|  1 | java Full Developer | Java Developer    | IT        | Active | Pune     | 2023-01-19 09:59:41 |
|  3 | python full stack   | python full stack | Developer | Active | Mumbai   | 2023-01-19 19:46:19 |
+----+---------------------+-------------------+-----------+--------+----------+---------------------+
2 rows in set (0.00 sec)

mysql> select * from user;
+----+-------+---------------+--------------+----------+------+
| id | name  | qualification | email        | password | role |
+----+-------+---------------+--------------+----------+------+
|  1 | Aarti | MSC           | ya@gmail.com | 123456   | user |
+----+-------+---------------+--------------+----------+------+
1 row in set (0.63 sec)

mysql> use Job_portal1;